Order,Gender,FaceFile
1,Female,01F_N.png
1,Female,01F_F.png
1,Female,02F_N.png
1,Female,02F_H.png
1,Female,02F_F.png
1,Female,03F_H.png
1,Female,05F_F.png
1,Female,06F_N.png
1,Female,06F_H.png
1,Female,01F_H.png
1,Female,07F_N.png
1,Female,07F_H.png
1,Female,07F_F.png
1,Female,08F_N.png
1,Female,08F_F.png
1,Female,09F_F.png
1,Female,10F_N.png
1,Female,10F_H.png
1,Female,10F_F.png
1,Female,11F_H.png
1,Female,12F_N.png
1,Female,12F_F.png
1,Female,13F_N.png
1,Female,13F_F.png
1,Female,14F_N.png
1,Female,15F_N.png
1,Female,14F_H.png
1,Female,16F_N.png
1,Female,16F_H.png
1,Female,17F_H.png
1,Female,17F_F.png
1,Female,18F_N.png
1,Female,18F_H.png
1,Female,18F_F.png
1,Female,19F_H.png
1,Female,19F_F.png
1,Male,20M_N.png
1,Male,21M_H.png
1,Male,22M_H.png
1,Male,23M_H.png
1,Male,23M_N.png
1,Male,24M_F.png
1,Male,24M_H.png
1,Male,25M_H.png
1,Male,26M_N.png
1,Male,27M_F.png
1,Male,28M_F.png
1,Male,29M_H.png
1,Male,29M_N.png
1,Male,30M_F.png
1,Male,30M_H.png
1,Male,31M_F.png
1,Male,32M_F.png
1,Male,32M_N.png
1,Male,33M_F.png
1,Male,34M_F.png
1,Male,34M_N.png
1,Male,35M_H.png
1,Male,35M_N.png
1,Male,36M_F.png
1,Male,36M_H.png
1,Male,37M_H.png
1,Male,37M_N.png
1,Male,38M_F.png
1,Male,38M_H.png
1,Male,39M_F.png
1,Male,39M_N.png
1,Male,40M_N.png
1,Male,41M_H.png
1,Male,42M_F.png
1,Male,42M_N.png
1,Male,43M_N.png
2,Female,01F_N.png
2,Female,06F_F.png
2,Female,02F_H.png
2,Female,03F_N.png
2,Female,03F_H.png
2,Female,03F_F.png
2,Female,05F_N.png
2,Female,05F_H.png
2,Female,05F_F.png
2,Female,06F_H.png
2,Female,07F_H.png
2,Female,08F_H.png
2,Female,08F_F.png
2,Female,09F_N.png
2,Female,09F_H.png
2,Female,09F_F.png
2,Female,10F_F.png
2,Female,11F_N.png
2,Female,11F_H.png
2,Female,11F_F.png
2,Female,12F_N.png
2,Female,12F_H.png
2,Female,13F_N.png
2,Female,13F_H.png
2,Female,14F_N.png
2,Female,15F_F.png
2,Female,14F_F.png
2,Female,15F_H.png
2,Female,15F_F.png
2,Female,16F_N.png
2,Female,16F_F.png
2,Female,17F_N.png
2,Female,17F_F.png
2,Female,18F_N.png
2,Female,19F_N.png
2,Female,19F_H.png
2,Male,20M_F.png
2,Male,20M_H.png
2,Male,21M_F.png
2,Male,21M_N.png
2,Male,22M_F.png
2,Male,22M_N.png
2,Male,23M_F.png
2,Male,24M_N.png
2,Male,25M_F.png
2,Male,25M_N.png
2,Male,26M_F.png
2,Male,26M_H.png
2,Male,27M_H.png
2,Male,27M_N.png
2,Male,28M_H.png
2,Male,28M_N.png
2,Male,29M_F.png
2,Male,30M_N.png
2,Male,31M_H.png
2,Male,31M_N.png
2,Male,32M_H.png
2,Male,33M_H.png
2,Male,33M_N.png
2,Male,34M_H.png
2,Male,35M_F.png
2,Male,36M_N.png
2,Male,37M_F.png
2,Male,38M_N.png
2,Male,39M_H.png
2,Male,40M_F.png
2,Male,40M_H.png
2,Male,41M_F.png
2,Male,41M_N.png
2,Male,42M_H.png
2,Male,43M_F.png
2,Male,43M_H.png
